"gameNumber","dimension","nThreads","initTime","resolutionTime"
0,5,1,0.000104,0.000055
1,5,1,0.000074,0.000042
2,5,1,0.000090,0.000036
3,5,1,0.000041,0.000028
4,5,1,0.000077,0.000036
5,5,1,0.000097,0.000045
6,5,1,0.000080,0.000042
7,5,1,0.000089,0.000046
8,5,1,0.000046,0.000026
9,5,1,0.000069,0.000090
10,10,1,0.000674,0.000231
11,10,1,0.000975,0.000283
12,10,1,0.000813,0.000248
13,10,1,0.000965,0.000239
14,10,1,0.000982,0.000313
15,10,1,0.001258,0.000426
16,10,1,0.000866,0.000310
17,10,1,0.001090,0.000334
18,10,1,0.001045,0.000244
19,10,1,0.000480,0.000156
20,20,1,0.045177,0.004998
21,20,1,0.064557,0.008665
22,20,1,0.019599,0.003534
23,20,1,0.075665,0.008105
24,20,1,0.051684,0.006434
25,20,1,0.040629,0.005955
26,20,1,0.044248,0.005828
27,20,1,0.047767,0.006765
28,20,1,0.084098,0.014167
29,20,1,0.062996,0.007137
30,30,1,3.594421,0.237789
31,30,1,3.879258,0.501111
32,30,1,1.801090,0.134512
33,30,1,3.031311,0.272426
34,30,1,2.280670,0.189697
35,30,1,2.441845,0.212205
36,30,1,2.200120,0.187053
37,30,1,2.967086,0.280017
38,30,1,2.356350,0.191751
39,30,1,3.858916,0.313946
40,40,1,203.620758,10.982515
41,40,1,53.263166,4.518434
42,40,1,111.590811,8.145773
43,40,1,99.949949,9.099392
44,40,1,47.622838,4.056483
45,40,1,106.715370,9.730274
46,40,1,74.302481,6.646524
47,40,1,57.070853,5.835711
48,40,1,105.504024,7.684533
49,40,1,180.005900,13.356634
0,5,1,0.000101,0.000056
1,5,1,0.000075,0.000040
2,5,1,0.000089,0.000044
3,5,1,0.000042,0.000028
4,5,1,0.000103,0.000034
5,5,1,0.000095,0.000045
6,5,1,0.000072,0.000040
7,5,1,0.000087,0.000066
8,5,1,0.000047,0.000027
9,5,1,0.000079,0.000051
10,10,1,1.345274,0.000227
11,10,1,0.001003,0.000267
12,10,1,0.000908,0.000238
13,10,1,0.000996,0.000231
14,10,1,0.000977,0.000329
15,10,1,0.001215,0.000435
16,10,1,0.000877,0.000326
17,10,1,0.001028,0.000340
18,10,1,0.000981,0.000261
19,10,1,0.000468,0.000156
20,20,1,0.044128,0.004680
21,20,1,0.061690,0.007865
22,20,1,0.019165,0.003342
23,20,1,0.072709,0.007452
24,20,1,0.050141,0.006276
25,20,1,0.039031,0.005445
26,20,1,0.040458,0.005299
27,20,1,0.047131,0.006307
28,20,1,0.079906,0.013105
29,20,1,0.060381,0.006506
30,30,1,3.392130,0.238524
31,30,1,3.619766,0.465732
32,30,1,1.620295,0.129126
33,30,1,2.849047,0.277451
34,30,1,2.231124,0.188592
35,30,1,2.320660,0.200924
36,30,1,2.065828,0.173081
37,30,1,2.826498,0.283058
38,30,1,2.257787,0.185862
39,30,1,4.004960,0.297920
40,40,1,185.820084,10.722007
41,40,1,50.519240,4.504751
42,40,1,104.081038,7.809292
43,40,1,96.763419,8.720561
44,40,1,45.747013,3.965673
45,40,1,102.065355,9.359417
46,40,1,72.389855,6.643706
47,40,1,56.470098,5.776128
48,40,1,101.741782,7.554397
49,40,1,180.953476,13.151022
0,5,1,0.000119,0.000055
1,5,1,0.000075,0.000041
2,5,1,0.000088,0.000036
3,5,1,0.000042,0.000030
4,5,1,0.000080,0.000033
5,5,1,0.000103,0.000054
6,5,1,0.000071,0.000040
7,5,1,0.000087,0.000047
8,5,1,0.000047,0.000027
9,5,1,0.000073,0.000040
10,10,1,1.346411,0.000235
11,10,1,0.001102,0.000297
12,10,1,0.000932,0.000237
13,10,1,0.001014,0.000232
14,10,1,0.000974,0.000342
15,10,1,0.001223,0.000416
16,10,1,0.000854,0.000322
17,10,1,0.001030,0.000348
18,10,1,0.000975,0.000298
19,10,1,0.000469,0.000170
20,20,1,0.043976,0.004766
21,20,1,0.062894,0.007730
22,20,1,0.019175,0.003239
23,20,1,0.073363,0.007478
24,20,1,0.050255,0.006280
25,20,1,0.038913,0.005379
26,20,1,0.040616,0.005234
27,20,1,0.046940,0.006163
28,20,1,0.081034,0.013145
29,20,1,0.060406,0.006590
30,30,1,3.360711,0.230987
31,30,1,3.622953,0.465065
32,30,1,1.617213,0.129546
33,30,1,2.776262,0.256461
34,30,1,2.167111,0.186456
35,30,1,2.314656,0.201487
36,30,1,2.175198,0.180677
37,30,1,3.272706,0.289182
38,30,1,2.421161,0.194592
39,30,1,3.954222,0.313556
40,40,1,195.784634,10.786277
41,40,1,51.756035,4.515161
42,40,1,104.348914,7.756169
43,40,1,96.652491,8.706103
44,40,1,45.436641,3.970990
45,40,1,101.708752,9.337504
46,40,1,71.915853,6.584894
47,40,1,56.418268,5.750054
48,40,1,101.409871,7.507043
49,40,1,173.324060,13.055156
0,5,1,0.000105,0.000062
1,5,1,0.000083,0.000038
2,5,1,0.000111,0.000034
3,5,1,0.000041,0.000027
4,5,1,0.000079,0.000040
5,5,1,0.000095,0.000046
6,5,1,0.000072,0.000040
7,5,1,0.000087,0.000047
8,5,1,0.000047,0.000027
9,5,1,0.000071,0.000040
10,10,1,1.351680,0.000223
11,10,1,0.001121,0.000259
12,10,1,0.000941,0.000239
13,10,1,0.001035,0.000234
14,10,1,0.000983,0.000324
15,10,1,0.001269,0.000409
16,10,1,0.000866,0.000310
17,10,1,0.001014,0.000329
18,10,1,0.000974,0.000282
19,10,1,0.000464,0.000158
20,20,1,0.041894,0.004479
21,20,1,0.060554,0.008142
22,20,1,0.018310,0.003058
23,20,1,0.071582,0.007499
24,20,1,0.048168,0.006266
25,20,1,0.037404,0.005121
26,20,1,0.038808,0.005204
27,20,1,0.044818,0.006007
28,20,1,0.078365,0.014601
29,20,1,0.058347,0.006566
30,30,1,3.356812,0.235461
31,30,1,3.604979,0.461185
32,30,1,1.606856,0.137018
33,30,1,2.779308,0.260269
34,30,1,2.172783,0.189623
35,30,1,2.306064,0.200985
36,30,1,2.032194,0.180674
37,30,1,2.994823,0.273702
38,30,1,2.269179,0.186838
39,30,1,3.924254,0.302302
40,40,1,184.167493,10.653198
41,40,1,50.586898,4.499697
42,40,1,104.327920,7.751862
43,40,1,96.847756,8.702482
44,40,1,45.669412,3.964938
45,40,1,102.059449,9.335970
46,40,1,71.676435,6.575123
47,40,1,56.294701,5.786140
48,40,1,103.047081,7.532266
49,40,1,173.742313,13.126473
0,5,1,0.000108,0.000061
1,5,1,0.000074,0.000042
2,5,1,0.000095,0.000044
3,5,1,0.000041,0.000028
4,5,1,0.000079,0.000034
5,5,1,0.000112,0.000044
6,5,1,0.000069,0.000037
7,5,1,0.000086,0.000048
8,5,1,0.000046,0.000026
9,5,1,0.000072,0.000041
10,10,1,1.376170,0.000219
11,10,1,0.001059,0.000262
12,10,1,0.000967,0.000245
13,10,1,0.001188,0.000241
14,10,1,0.000976,0.000324
15,10,1,0.001214,0.000411
16,10,1,0.000864,0.000309
17,10,1,0.001009,0.000331
18,10,1,0.000972,0.000244
19,10,1,0.000479,0.000159
20,20,1,0.041363,0.004475
21,20,1,0.060884,0.007694
22,20,1,0.018366,0.003007
23,20,1,0.071903,0.007833
24,20,1,0.048230,0.006391
25,20,1,0.037606,0.005170
26,20,1,0.039164,0.005456
27,20,1,0.045130,0.006142
28,20,1,0.078453,0.013727
29,20,1,0.058922,0.006415
30,30,1,3.363040,0.232858
31,30,1,3.609391,0.464482
32,30,1,1.614726,0.130726
33,30,1,2.789827,0.257526
34,30,1,2.173793,0.187661
35,30,1,2.316237,0.202690
36,30,1,2.038782,0.175022
37,30,1,2.835914,0.273626
38,30,1,2.261817,0.188170
39,30,1,3.694466,0.300191
40,40,1,183.627017,10.625727
41,40,1,50.634954,4.497054
42,40,1,104.062861,7.722680
43,40,1,96.554508,8.643000
44,40,1,45.359871,3.946599
45,40,1,101.360941,9.250146
46,40,1,71.768628,6.559821
47,40,1,56.294608,5.783819
48,40,1,101.501898,7.528157
49,40,1,173.898373,13.089979
0,5,1,0.000117,0.000052
1,5,1,0.000091,0.000065
2,5,1,0.000095,0.000044
3,5,1,0.000041,0.000027
4,5,1,0.000086,0.000033
5,5,1,0.000095,0.000044
6,5,1,0.000071,0.000040
7,5,1,0.000087,0.000049
8,5,1,0.000047,0.000026
9,5,1,0.000070,0.000048
10,10,1,1.383117,0.000231
11,10,1,0.001113,0.000259
12,10,1,0.001033,0.000239
13,10,1,0.001137,0.000229
14,10,1,0.000982,0.000323
15,10,1,0.001211,0.000407
16,10,1,0.000847,0.000299
17,10,1,0.001005,0.000327
18,10,1,0.000965,0.000252
19,10,1,0.000476,0.000170
20,20,1,0.041486,0.004466
21,20,1,0.060923,0.007728
22,20,1,0.018477,0.003024
23,20,1,0.072209,0.007492
24,20,1,0.048444,0.006438
25,20,1,0.037431,0.005145
26,20,1,0.039055,0.005362
27,20,1,0.044816,0.006083
28,20,1,0.078270,0.013721
29,20,1,0.059181,0.006428
30,30,1,3.405871,0.234005
31,30,1,3.611132,0.462169
32,30,1,1.618855,0.130272
33,30,1,2.790654,0.257512
34,30,1,2.170135,0.184270
35,30,1,2.325139,0.201680
36,30,1,2.040899,0.173507
37,30,1,2.823645,0.271399
38,30,1,2.269841,0.188729
39,30,1,3.694262,0.295791
40,40,1,183.597890,10.660065
41,40,1,50.537161,4.487657
42,40,1,104.136516,7.716506
43,40,1,96.618836,8.656309
44,40,1,45.449486,3.955278
45,40,1,101.527391,9.270682
46,40,1,71.948369,6.559225
47,40,1,56.420056,5.782997
48,40,1,105.578691,7.767627
49,40,1,175.765597,13.125790
0,5,1,0.000098,0.000056
1,5,1,0.000074,0.000040
2,5,1,0.000104,0.000045
3,5,1,0.000041,0.000028
4,5,1,0.000079,0.000041
5,5,1,0.000093,0.000061
6,5,1,0.000072,0.000039
7,5,1,0.000087,0.000048
8,5,1,0.000047,0.000027
9,5,1,0.000079,0.000043
10,10,1,1.416715,0.000251
11,10,1,0.001134,0.000293
12,10,1,0.000990,0.000237
13,10,1,0.001103,0.000231
14,10,1,0.000988,0.000355
15,10,1,0.001273,0.000423
16,10,1,0.000937,0.000315
17,10,1,0.001103,0.000349
18,10,1,0.001040,0.000268
19,10,1,0.000499,0.000161
20,20,1,0.044459,0.004914
21,20,1,0.064808,0.008242
22,20,1,0.018627,0.003529
23,20,1,0.075094,0.007493
24,20,1,0.051521,0.006395
25,20,1,0.040174,0.005446
26,20,1,0.041731,0.005931
27,20,1,0.047505,0.006309
28,20,1,0.082333,0.014766
29,20,1,0.062361,0.006552
30,30,1,3.411166,0.233711
31,30,1,3.680388,0.469616
32,30,1,1.649629,0.135925
33,30,1,2.829197,0.261851
34,30,1,2.234827,0.189703
35,30,1,2.343956,0.206108
36,30,1,2.086434,0.180669
37,30,1,2.853539,0.277006
38,30,1,2.317835,0.190721
39,30,1,3.743208,0.315997
40,40,1,185.060997,10.726358
41,40,1,51.082089,4.521644
42,40,1,105.082283,7.807529
43,40,1,97.173216,8.731096
44,40,1,46.017188,3.973402
45,40,1,102.355660,9.316483
46,40,1,72.834634,6.617226
47,40,1,56.663458,5.818615
48,40,1,102.762485,7.577713
49,40,1,175.250512,13.127090
0,5,1,0.000108,0.000052
1,5,1,0.000098,0.000047
2,5,1,0.000088,0.000053
3,5,1,0.000041,0.000026
4,5,1,0.000102,0.000052
5,5,1,0.000112,0.000045
6,5,1,0.000070,0.000040
7,5,1,0.000087,0.000048
8,5,1,0.000046,0.000025
9,5,1,0.000079,0.000043
10,10,1,1.408015,0.000230
11,10,1,0.001132,0.000261
12,10,1,0.000976,0.000237
13,10,1,0.001094,0.000224
14,10,1,0.000976,0.000325
15,10,1,0.001215,0.000426
16,10,1,0.000928,0.000317
17,10,1,0.001033,0.000369
18,10,1,0.001042,0.000278
19,10,1,0.000465,0.000179
20,20,1,0.044675,0.004789
21,20,1,0.063680,0.007878
22,20,1,0.019242,0.003163
23,20,1,0.077044,0.007992
24,20,1,0.051164,0.006473
25,20,1,0.039991,0.005457
26,20,1,0.041720,0.005680
27,20,1,0.047611,0.006290
28,20,1,0.081911,0.014582
29,20,1,0.062096,0.006578
30,30,1,3.410740,0.235336
31,30,1,3.645400,0.466019
32,30,1,1.635420,0.131456
33,30,1,2.814740,0.261154
34,30,1,2.208199,0.190873
35,30,1,2.343185,0.202878
36,30,1,2.065753,0.175766
37,30,1,2.848405,0.273181
38,30,1,2.285327,0.190390
39,30,1,3.760105,0.297881
40,40,1,185.308304,10.706737
41,40,1,51.062203,4.490298
42,40,1,105.253022,7.773615
43,40,1,97.564282,8.728448
44,40,1,45.927651,3.972388
45,40,1,102.195922,9.333114
46,40,1,72.652719,6.651171
47,40,1,56.928640,5.817866
48,40,1,102.954832,7.615112
49,40,1,175.673511,13.154756
0,5,1,0.000109,0.000054
1,5,1,0.000076,0.000055
2,5,1,0.000106,0.000038
3,5,1,0.000049,0.000030
4,5,1,0.000081,0.000034
5,5,1,0.000096,0.000044
6,5,1,0.000072,0.000039
7,5,1,0.000087,0.000048
8,5,1,0.000053,0.000028
9,5,1,0.000073,0.000041
10,10,1,1.408949,0.000235
11,10,1,0.001108,0.000263
12,10,1,0.000974,0.000238
13,10,1,0.001142,0.000241
14,10,1,0.000970,0.000328
15,10,1,0.001220,0.000418
16,10,1,0.000857,0.000382
17,10,1,0.001080,0.000344
18,10,1,0.001118,0.000301
19,10,1,0.000462,0.000160
20,20,1,0.044690,0.004794
21,20,1,0.064305,0.008269
22,20,1,0.019168,0.003157
23,20,1,0.076217,0.007694
24,20,1,0.050720,0.006310
25,20,1,0.039853,0.005511
26,20,1,0.041126,0.005848
27,20,1,0.047861,0.006194
28,20,1,0.082162,0.014503
29,20,1,0.062403,0.006532
30,30,1,3.420520,0.236347
31,30,1,3.661037,0.472769
32,30,1,1.637098,0.131246
33,30,1,2.822986,0.264100
34,30,1,2.203436,0.191551
35,30,1,2.349002,0.206030
36,30,1,2.065003,0.174235
37,30,1,2.855310,0.277000
38,30,1,2.300298,0.201268
39,30,1,3.752670,0.302541
40,40,1,185.077297,10.701330
41,40,1,51.117436,4.518956
42,40,1,105.016354,7.736631
43,40,1,97.302022,8.707759
44,40,1,45.795951,3.988314
45,40,1,102.307985,9.317819
46,40,1,72.469913,6.634296
47,40,1,56.860663,5.818871
48,40,1,102.707253,7.570910
49,40,1,175.595871,13.176946
0,5,1,0.000099,0.000059
1,5,1,0.000074,0.000040
2,5,1,0.000104,0.000059
3,5,1,0.000040,0.000027
4,5,1,0.000087,0.000041
5,5,1,0.000121,0.000052
6,5,1,0.000071,0.000039
7,5,1,0.000086,0.000056
8,5,1,0.000047,0.000026
9,5,1,0.000071,0.000043
10,10,1,1.429220,0.000235
11,10,1,0.001088,0.000254
12,10,1,0.001002,0.000236
13,10,1,0.001058,0.000224
14,10,1,0.000977,0.000321
15,10,1,0.001221,0.000409
16,10,1,0.000860,0.000309
17,10,1,0.001028,0.000344
18,10,1,0.000978,0.000255
19,10,1,0.000459,0.000161
20,20,1,0.044368,0.004845
21,20,1,0.063081,0.007848
22,20,1,0.019099,0.003332
23,20,1,0.072792,0.007565
24,20,1,0.050729,0.006366
25,20,1,0.039364,0.005673
26,20,1,0.040475,0.005782
27,20,1,0.046874,0.006335
28,20,1,0.081632,0.014608
29,20,1,0.061381,0.006732
30,30,1,3.422945,0.238225
31,30,1,3.658201,0.471784
32,30,1,1.632078,0.132695
33,30,1,2.820416,0.263621
34,30,1,2.198234,0.191043
35,30,1,2.343171,0.207381
36,30,1,2.060173,0.175988
37,30,1,2.845980,0.278149
38,30,1,2.283489,0.191139
39,30,1,3.742672,0.301992
40,40,1,185.464636,10.738548
41,40,1,51.297934,4.540127
42,40,1,105.175842,7.751096
43,40,1,97.435826,8.703907
44,40,1,46.107885,3.960412
45,40,1,102.433172,9.300470
46,40,1,72.572009,6.591129
47,40,1,57.087523,5.802157
48,40,1,102.494066,7.547573
49,40,1,175.378499,13.083898
0,5,2,0.000366,0.000272
1,5,2,0.000167,0.000219
2,5,2,0.000138,0.000117
3,5,2,0.000124,0.000098
4,5,2,0.000252,0.000106
5,5,2,0.000145,0.000118
6,5,2,0.000144,0.000107
7,5,2,0.000129,0.000158
8,5,2,0.000103,0.000096
9,5,2,0.000141,0.000113
10,10,2,0.000469,0.000256
11,10,2,0.000583,0.000566
12,10,2,0.000565,0.000555
13,10,2,0.001032,0.000677
14,10,2,0.000835,0.000724
15,10,2,0.001320,0.001408
16,10,2,0.000604,0.000999
17,10,2,0.000631,0.000348
18,10,2,0.000594,0.000281
19,10,2,0.000420,0.000280
20,20,2,0.025560,0.003201
21,20,2,0.033105,0.006064
22,20,2,0.010147,0.002181
23,20,2,0.046476,0.005040
24,20,2,0.028778,0.004022
25,20,2,0.022375,0.003671
26,20,2,0.022185,0.003414
27,20,2,0.028435,0.004734
28,20,2,0.042226,0.007653
29,20,2,0.033863,0.004174
30,30,2,1.880420,0.125135
31,30,2,1.876732,0.233796
32,30,2,0.876273,0.074052
33,30,2,1.679613,0.133647
34,30,2,1.150769,0.110154
35,30,2,1.342817,0.113040
36,30,2,1.142456,0.116074
37,30,2,1.518013,0.148739
38,30,2,1.236595,0.133528
39,30,2,2.242006,0.180158
40,40,2,100.639435,6.598499
41,40,2,27.122614,2.921180
42,40,2,56.652435,4.242677
43,40,2,52.300922,4.355502
44,40,2,24.535524,2.181646
45,40,2,53.057650,4.975672
46,40,2,37.686788,3.146192
47,40,2,30.970784,3.261065
48,40,2,52.215477,3.888984
49,40,2,99.963049,7.677212
0,5,2,0.000501,0.000196
1,5,2,0.000144,0.000141
2,5,2,0.000164,0.000129
3,5,2,0.000104,0.000112
4,5,2,0.000146,0.000096
5,5,2,0.000192,0.000159
6,5,2,0.000164,0.000143
7,5,2,0.000135,0.000129
8,5,2,0.000134,0.000094
9,5,2,0.000150,0.000135
10,10,2,0.000423,0.000296
11,10,2,0.677041,0.000383
12,10,2,0.000636,0.000364
13,10,2,0.000672,0.000320
14,10,2,0.000700,0.000354
15,10,2,0.000733,0.000406
16,10,2,0.000761,0.000968
17,10,2,0.000634,0.000348
18,10,2,0.000681,0.000316
19,10,2,0.000500,0.000765
20,20,2,0.024547,0.003207
21,20,2,0.032952,0.006368
22,20,2,0.011224,0.002343
23,20,2,0.047627,0.005393
24,20,2,0.029656,0.003689
25,20,2,0.022214,0.003434
26,20,2,0.021842,0.003646
27,20,2,0.028760,0.004412
28,20,2,0.041703,0.007465
29,20,2,0.035654,0.004423
30,30,2,1.851889,0.125082
31,30,2,1.891730,0.232668
32,30,2,0.875396,0.075681
33,30,2,1.684737,0.139729
34,30,2,1.145700,0.106954
35,30,2,1.337198,0.115546
36,30,2,1.139068,0.104638
37,30,2,1.516726,0.145694
38,30,2,1.258048,0.111248
39,30,2,2.247959,0.184669
40,40,2,100.406955,6.691268
41,40,2,27.157586,3.009354
42,40,2,56.994840,4.268346
43,40,2,52.574076,4.389140
44,40,2,24.649337,2.198696
45,40,2,52.618148,5.370970
46,40,2,37.111344,3.214163
47,40,2,30.512596,2.936376
48,40,2,52.158790,4.411820
49,40,2,99.978529,7.558548
0,5,2,0.000771,0.001007
1,5,2,0.000475,0.000863
2,5,2,0.000468,0.002365
3,5,2,0.000443,0.002198
4,5,2,0.003548,0.001669
5,5,2,0.001135,0.003057
6,5,2,0.001357,0.001988
7,5,2,0.000653,0.000838
8,5,2,0.000517,0.000773
9,5,2,0.000703,0.001906
10,10,2,0.652895,0.000404
11,10,2,0.001397,0.000324
12,10,2,0.000738,0.000579
13,10,2,0.000706,0.000275
14,10,2,0.000694,0.000524
15,10,2,0.001203,0.000612
16,10,2,0.000803,0.000791
17,10,2,0.000675,0.000373
18,10,2,0.000720,0.000390
19,10,2,0.000386,0.000850
20,20,2,0.023121,0.003235
21,20,2,0.032747,0.005602
22,20,2,0.011401,0.002298
23,20,2,0.045774,0.005605
24,20,2,0.029352,0.004186
25,20,2,0.022245,0.003856
26,20,2,0.023274,0.009178
27,20,2,0.030774,0.004349
28,20,2,0.042255,0.007891
29,20,2,0.035729,0.004260
30,30,2,1.810619,0.124388
31,30,2,1.850576,0.227348
32,30,2,0.884916,0.079214
33,30,2,1.654960,0.136502
34,30,2,1.119776,0.103250
35,30,2,1.305305,0.111925
36,30,2,1.111007,0.100641
37,30,2,1.493954,0.153595
38,30,2,1.203905,0.118624
39,30,2,2.189915,0.181829
40,40,2,101.063851,6.729759
41,40,2,27.310357,2.919310
42,40,2,56.767570,4.261824
43,40,2,52.859182,4.434792
44,40,2,24.527067,2.233842
45,40,2,52.834296,4.923700
46,40,2,37.542933,3.217329
47,40,2,30.525343,2.967519
48,40,2,52.130537,3.875209
49,40,2,100.145309,7.662877
0,5,2,0.000929,0.001029
1,5,2,0.000148,0.000147
2,5,2,0.000134,0.000348
3,5,2,0.000103,0.000140
4,5,2,0.000160,0.000536
5,5,2,0.000193,0.000165
6,5,2,0.000136,0.000139
7,5,2,0.000148,0.000470
8,5,2,0.000365,0.000108
9,5,2,0.000185,0.000215
10,10,2,0.000464,0.000324
11,10,2,0.000991,0.000291
12,10,2,0.001240,0.000310
13,10,2,0.000684,0.000422
14,10,2,0.000831,0.001409
15,10,2,0.001066,0.000684
16,10,2,0.000617,0.000375
17,10,2,0.000666,0.000321
18,10,2,0.001657,0.000458
19,10,2,0.000459,0.000253
20,20,2,0.023709,0.003329
21,20,2,0.034355,0.005508
22,20,2,0.011545,0.002321
23,20,2,0.046290,0.005322
24,20,2,0.029106,0.003933
25,20,2,0.024165,0.003742
26,20,2,0.022125,0.003515
27,20,2,0.029459,0.004430
28,20,2,0.042827,0.007779
29,20,2,0.035981,0.004369
30,30,2,1.823643,0.124660
31,30,2,1.852773,0.226876
32,30,2,0.859107,0.070908
33,30,2,1.665365,0.137582
34,30,2,1.123136,0.102075
35,30,2,1.309029,0.113383
36,30,2,1.106147,0.100665
37,30,2,1.645409,0.154589
38,30,2,1.268945,0.127163
39,30,2,2.258313,0.183530
40,40,2,101.419848,7.606750
41,40,2,26.539254,3.066176
42,40,2,57.098934,4.276302
43,40,2,52.717119,4.406339
44,40,2,24.717991,2.236039
45,40,2,53.087366,4.984363
46,40,2,37.610242,3.126516
47,40,2,30.609306,2.950184
48,40,2,52.652052,3.808461
49,40,2,100.202065,7.637832
0,5,2,0.000533,0.001291
1,5,2,0.000216,0.000906
2,5,2,0.000149,0.000164
3,5,2,0.000149,0.000119
4,5,2,0.000168,0.000119
5,5,2,0.000215,0.000377
6,5,2,0.000403,0.000283
7,5,2,0.000263,0.000129
8,5,2,0.000205,0.000108
9,5,2,0.000353,0.000207
10,10,2,0.000481,0.000400
11,10,2,0.678421,0.000457
12,10,2,0.000649,0.000804
13,10,2,0.000620,0.000657
14,10,2,0.000650,0.000400
15,10,2,0.000774,0.000896
16,10,2,0.001053,0.000605
17,10,2,0.000704,0.000724
18,10,2,0.000759,0.000568
19,10,2,0.000884,0.000395
20,20,2,0.023693,0.003685
21,20,2,0.033177,0.005799
22,20,2,0.011200,0.002305
23,20,2,0.048637,0.005148
24,20,2,0.029257,0.003835
25,20,2,0.022512,0.003431
26,20,2,0.021494,0.003525
27,20,2,0.028837,0.004713
28,20,2,0.042989,0.008264
29,20,2,0.035640,0.004395
30,30,2,1.837878,0.124603
31,30,2,1.917071,0.231746
32,30,2,0.884749,0.074015
33,30,2,1.700239,0.134179
34,30,2,1.169071,0.110363
35,30,2,1.356864,0.117321
36,30,2,1.166011,0.106765
37,30,2,1.539629,0.147841
38,30,2,1.268727,0.113984
39,30,2,2.221013,0.183430
40,40,2,100.758844,6.731024
41,40,2,27.106558,2.925824
42,40,2,57.569955,4.290301
43,40,2,52.516951,4.385424
44,40,2,24.526281,2.202038
45,40,2,52.717368,4.940758
46,40,2,37.385907,3.248387
47,40,2,30.294501,2.967054
48,40,2,51.876037,4.312981
49,40,2,99.592782,6.832362
0,5,2,0.000423,0.000195
1,5,2,0.000249,0.000206
2,5,2,0.000161,0.000152
3,5,2,0.000193,0.000127
4,5,2,0.000173,0.000129
5,5,2,0.000241,0.000143
6,5,2,0.000175,0.000178
7,5,2,0.000201,0.000164
8,5,2,0.000218,0.000145
9,5,2,0.000170,0.000144
10,10,2,0.839814,0.000500
11,10,2,0.674368,0.000470
12,10,2,0.001207,0.000303
13,10,2,0.001219,0.000372
14,10,2,0.000657,0.000310
15,10,2,0.000734,0.000379
16,10,2,0.000612,0.000371
17,10,2,0.000663,0.000331
18,10,2,0.000628,0.000327
19,10,2,0.000332,0.000217
20,20,2,0.022351,0.003076
21,20,2,0.031793,0.005410
22,20,2,0.010428,0.002310
23,20,2,0.044042,0.005167
24,20,2,0.033046,0.004387
25,20,2,0.021970,0.003897
26,20,2,0.020697,0.004610
27,20,2,0.031196,0.004702
28,20,2,0.043867,0.008347
29,20,2,0.038644,0.004532
30,30,2,1.812378,0.124784
31,30,2,1.857991,0.238292
32,30,2,0.861575,0.071003
33,30,2,1.643601,0.136011
34,30,2,1.118808,0.103189
35,30,2,1.311060,0.112339
36,30,2,1.104927,0.101335
37,30,2,1.479099,0.149754
38,30,2,1.210315,0.114376
39,30,2,2.195471,0.182305
40,40,2,100.571520,7.560812
41,40,2,26.590667,2.983486
42,40,2,56.971042,4.292299
43,40,2,52.336074,4.354559
44,40,2,24.594073,2.200590
45,40,2,52.713263,4.864184
46,40,2,37.346118,3.186310
47,40,2,30.550458,2.919005
48,40,2,52.214470,4.232190
49,40,2,99.758900,7.398421
0,5,2,0.002817,0.000217
1,5,2,0.000163,0.000138
2,5,2,0.000133,0.000101
3,5,2,0.000100,0.000105
4,5,2,0.000458,0.000612
5,5,2,0.000149,0.000384
6,5,2,0.000229,0.000186
7,5,2,0.000207,0.000125
8,5,2,0.000110,0.000116
9,5,2,0.000578,0.000126
10,10,2,0.836398,0.000658
11,10,2,0.002227,0.000377
12,10,2,0.001468,0.000275
13,10,2,0.000714,0.000299
14,10,2,0.000650,0.000390
15,10,2,0.000899,0.000498
16,10,2,0.000773,0.000417
17,10,2,0.000908,0.000431
18,10,2,0.000790,0.000685
19,10,2,0.000684,0.000271
20,20,2,0.026511,0.003431
21,20,2,0.034021,0.005723
22,20,2,0.012983,0.002484
23,20,2,0.060574,0.005697
24,20,2,0.032941,0.003842
25,20,2,0.021629,0.003549
26,20,2,0.021327,0.003458
27,20,2,0.029749,0.004623
28,20,2,0.041386,0.008237
29,20,2,0.039174,0.004445
30,30,2,1.817688,0.125099
31,30,2,1.863420,0.236231
32,30,2,0.860527,0.076625
33,30,2,1.646488,0.136274
34,30,2,1.125076,0.102251
35,30,2,1.309504,0.113009
36,30,2,1.107431,0.107966
37,30,2,1.488348,0.155627
38,30,2,1.219192,0.120989
39,30,2,2.202513,0.182282
40,40,2,100.877211,7.561154
41,40,2,26.708172,2.986659
42,40,2,56.819700,3.894511
43,40,2,52.032034,4.325562
44,40,2,24.658381,2.220899
45,40,2,52.586542,4.908722
46,40,2,37.319723,3.113815
47,40,2,30.568073,2.944288
48,40,2,52.067333,3.860702
49,40,2,99.956825,7.543798
0,5,2,0.000328,0.001056
1,5,2,0.000137,0.000180
2,5,2,0.000161,0.000515
3,5,2,0.000119,0.001402
4,5,2,0.000366,0.000177
5,5,2,0.000226,0.000251
6,5,2,0.000207,0.000194
7,5,2,0.000312,0.000185
8,5,2,0.000248,0.000151
9,5,2,0.000319,0.000187
10,10,2,0.000964,0.000444
11,10,2,0.001359,0.000462
12,10,2,0.874721,0.000442
13,10,2,0.002982,0.000396
14,10,2,0.000813,0.000357
15,10,2,0.000832,0.000385
16,10,2,0.000640,0.000323
17,10,2,0.000646,0.000342
18,10,2,0.000585,0.000293
19,10,2,0.000359,0.000235
20,20,2,0.024748,0.003486
21,20,2,0.034935,0.006069
22,20,2,0.011251,0.002454
23,20,2,0.047024,0.005400
24,20,2,0.028362,0.003721
25,20,2,0.021873,0.003623
26,20,2,0.023406,0.003628
27,20,2,0.028762,0.004826
28,20,2,0.045114,0.007814
29,20,2,0.039578,0.005126
30,30,2,1.817654,0.125524
31,30,2,1.866124,0.232367
32,30,2,0.862399,0.079446
33,30,2,1.649014,0.138922
34,30,2,1.124117,0.107208
35,30,2,1.317950,0.113703
36,30,2,1.108720,0.101679
37,30,2,1.494343,0.147274
38,30,2,1.218162,0.108342
39,30,2,2.211391,0.184333
40,40,2,100.872383,6.744657
41,40,2,27.249878,2.933240
42,40,2,57.795836,4.242085
43,40,2,52.021810,4.318171
44,40,2,24.653661,2.246704
45,40,2,52.713315,4.929304
46,40,2,37.481538,3.104541
47,40,2,30.476942,2.965068
48,40,2,52.160055,4.235898
49,40,2,100.126381,6.845329
0,5,2,0.644151,0.003350
1,5,2,0.000195,0.000161
2,5,2,0.000243,0.000174
3,5,2,0.000143,0.000106
4,5,2,0.000134,0.000161
5,5,2,0.000140,0.000140
6,5,2,0.000123,0.000139
7,5,2,0.000139,0.000122
8,5,2,0.000130,0.000097
9,5,2,0.000167,0.000123
10,10,2,0.671706,0.000628
11,10,2,0.000907,0.000332
12,10,2,0.000643,0.000292
13,10,2,0.002660,0.000366
14,10,2,0.000635,0.000343
15,10,2,0.000803,0.000395
16,10,2,0.000596,0.000308
17,10,2,0.000620,0.000437
18,10,2,0.000691,0.000310
19,10,2,0.000506,0.000210
20,20,2,0.022577,0.003203
21,20,2,0.031980,0.005782
22,20,2,0.013302,0.002416
23,20,2,0.046572,0.005919
24,20,2,0.033477,0.004339
25,20,2,0.022470,0.003816
26,20,2,0.023572,0.004337
27,20,2,0.029962,0.004319
28,20,2,0.041448,0.007711
29,20,2,0.040026,0.004519
30,30,2,1.832924,0.135537
31,30,2,1.875390,0.241169
32,30,2,0.866813,0.073101
33,30,2,1.656413,0.137487
34,30,2,1.132221,0.108154
35,30,2,1.319918,0.112775
36,30,2,1.114262,0.101132
37,30,2,1.494102,0.149996
38,30,2,1.226178,0.121258
39,30,2,2.218317,0.182563
40,40,2,100.854202,6.741891
41,40,2,27.248824,2.933263
42,40,2,57.763831,4.246557
43,40,2,51.994190,4.348919
44,40,2,24.604214,2.213363
45,40,2,52.734636,4.887601
46,40,2,37.455348,3.164655
47,40,2,30.644987,2.905550
48,40,2,52.016911,3.857492
49,40,2,100.185732,7.014538
0,5,2,0.001172,0.646702
1,5,2,0.002183,0.000193
2,5,2,0.000166,0.000142
3,5,2,0.000156,0.000105
4,5,2,0.000172,0.000115
5,5,2,0.000167,0.000184
6,5,2,0.000139,0.000127
7,5,2,0.000128,0.000213
8,5,2,0.000176,0.000155
9,5,2,0.000173,0.000122
10,10,2,0.000433,0.000272
11,10,2,0.672914,0.000426
12,10,2,0.000611,0.000524
13,10,2,0.003816,0.000667
14,10,2,0.000929,0.000609
15,10,2,0.000995,0.000506
16,10,2,0.000821,0.000405
17,10,2,0.000822,0.000572
18,10,2,0.000788,0.000773
19,10,2,0.000447,0.000283
20,20,2,0.025189,0.003369
21,20,2,0.033149,0.006081
22,20,2,0.010700,0.002235
23,20,2,0.057101,0.005643
24,20,2,0.034355,0.004138
25,20,2,0.023900,0.004061
26,20,2,0.025004,0.003996
27,20,2,0.031029,0.005024
28,20,2,0.045141,0.007903
29,20,2,0.038534,0.004468
30,30,2,1.828148,0.126928
31,30,2,1.870197,0.240579
32,30,2,0.865269,0.080313
33,30,2,1.696509,0.137290
34,30,2,1.131487,0.115058
35,30,2,1.323059,0.115767
36,30,2,1.114682,0.106808
37,30,2,1.494997,0.147325
38,30,2,1.224993,0.126967
39,30,2,2.223126,0.186180
40,40,2,101.030681,7.615274
41,40,2,26.540668,2.986850
42,40,2,57.763599,4.302975
43,40,2,52.813745,4.354744
44,40,2,24.602892,2.188299
45,40,2,52.767606,4.881618
46,40,2,37.506039,3.139967
47,40,2,30.714874,2.855979
48,40,2,52.200749,3.913000
49,40,2,100.621440,7.495079
0,5,3,0.000533,0.000834
1,5,3,0.000180,0.000176
2,5,3,0.000146,0.000485
3,5,3,0.000134,0.000252
4,5,3,0.000186,0.000288
5,5,3,0.000144,0.004477
6,5,3,0.000205,0.000171
7,5,3,0.000296,0.000881
8,5,3,0.000205,0.000191
9,5,3,0.000728,0.000235
10,10,3,0.668996,0.000389
11,10,3,0.000946,0.000517
12,10,3,0.001406,0.000602
13,10,3,0.000682,0.000291
14,10,3,0.000620,0.000429
15,10,3,0.002358,0.000448
16,10,3,0.000496,0.000324
17,10,3,0.000508,0.000581
18,10,3,0.000703,0.000425
19,10,3,0.000398,0.000232
20,20,3,0.017158,0.002513
21,20,3,0.025504,0.004086
22,20,3,0.007075,0.001558
23,20,3,0.034783,0.005085
24,20,3,0.024152,0.002921
25,20,3,0.016266,0.002859
26,20,3,0.016083,0.002422
27,20,3,0.025915,0.004127
28,20,3,0.032201,0.006598
29,20,3,0.025379,0.003961
30,30,3,1.315475,0.099565
31,30,3,1.298437,0.188898
32,30,3,0.634121,0.058026
33,30,3,1.295329,0.105291
34,30,3,0.994717,0.088791
35,30,3,0.957578,0.089407
36,30,3,0.822912,0.081948
37,30,3,1.020385,0.129866
38,30,3,1.037714,0.105635
39,30,3,2.004934,0.152917
40,40,3,75.997985,5.228621
41,40,3,19.798235,2.419121
42,40,3,40.420669,3.176041
43,40,3,37.832831,3.938672
44,40,3,20.857935,1.758648
45,40,3,39.933811,4.072793
46,40,3,29.522373,2.621500
47,40,3,21.350606,2.416316
48,40,3,35.960607,2.871063
49,40,3,85.742351,6.765596
0,5,3,0.000679,0.001718
1,5,3,0.000562,0.000743
2,5,3,0.000788,0.001378
3,5,3,0.000392,0.000892
4,5,3,0.001485,0.000984
5,5,3,0.000656,0.003125
6,5,3,0.001106,0.000987
7,5,3,0.000555,0.000958
8,5,3,0.000184,0.001486
9,5,3,0.000505,0.000478
10,10,3,0.001485,0.001003
11,10,3,0.003808,0.000489
12,10,3,0.000805,0.000747
13,10,3,0.000681,0.001217
14,10,3,0.005501,0.000704
15,10,3,0.002045,0.000558
16,10,3,0.002714,0.000858
17,10,3,0.001614,0.000576
18,10,3,0.002564,0.000758
19,10,3,0.001691,0.000372
20,20,3,0.627316,0.002721
21,20,3,0.026554,0.004745
22,20,3,0.009458,0.001891
23,20,3,0.036775,0.006178
24,20,3,0.025162,0.003154
25,20,3,0.016997,0.002705
26,20,3,0.015989,0.002667
27,20,3,0.024738,0.003973
28,20,3,0.029512,0.005846
29,20,3,0.023241,0.003985
30,30,3,1.308407,0.098737
31,30,3,1.298866,0.190814
32,30,3,0.630138,0.065055
33,30,3,1.299271,0.107111
34,30,3,0.983393,0.088177
35,30,3,0.963244,0.092536
36,30,3,0.822397,0.082337
37,30,3,1.030392,0.127933
38,30,3,1.039039,0.116307
39,30,3,2.021826,0.165228
40,40,3,76.123093,5.867973
41,40,3,19.329740,2.483651
42,40,3,40.395605,3.256679
43,40,3,37.894487,3.912563
44,40,3,20.568936,1.755572
45,40,3,39.977808,3.998588
46,40,3,29.507836,2.663423
47,40,3,21.187232,2.394192
48,40,3,36.049526,2.838912
49,40,3,85.514940,7.589853
0,5,3,0.000521,0.000904
1,5,3,0.000216,0.002595
2,5,3,0.000167,0.000131
3,5,3,0.000136,0.000158
4,5,3,0.000159,0.000186
5,5,3,0.000235,0.000840
6,5,3,0.005238,0.000251
7,5,3,0.000299,0.001013
8,5,3,0.000185,0.002495
9,5,3,0.000148,0.000175
10,10,3,0.000433,0.000283
11,10,3,0.001363,0.000435
12,10,3,0.001031,0.000909
13,10,3,0.000951,0.000576
14,10,3,0.000726,0.000902
15,10,3,0.001526,0.000831
16,10,3,0.000774,0.000416
17,10,3,0.000502,0.000375
18,10,3,0.000709,0.000308
19,10,3,0.000373,0.000295
20,20,3,0.018571,0.002493
21,20,3,0.026479,0.005166
22,20,3,0.007326,0.001583
23,20,3,0.034414,0.005176
24,20,3,0.023336,0.002968
25,20,3,0.015866,0.003052
26,20,3,0.015092,0.002788
27,20,3,0.023205,0.003811
28,20,3,0.029391,0.005916
29,20,3,0.023566,0.003746
30,30,3,1.288409,0.099121
31,30,3,1.380526,0.175121
32,30,3,0.630082,0.058626
33,30,3,1.304905,0.107007
34,30,3,0.991000,0.084772
35,30,3,0.963606,0.091158
36,30,3,0.827039,0.089173
37,30,3,1.030016,0.118474
38,30,3,1.042558,0.109487
39,30,3,1.991976,0.160921
40,40,3,76.226956,5.828826
41,40,3,19.397558,2.451600
42,40,3,40.632372,3.140326
43,40,3,37.522614,3.958715
44,40,3,20.757124,1.789835
45,40,3,40.145190,4.066798
46,40,3,29.315159,2.625077
47,40,3,21.333385,2.174743
48,40,3,36.049850,2.957725
49,40,3,85.500370,6.858982
0,5,3,0.002702,0.001799
1,5,3,0.000715,0.001324
2,5,3,0.000267,0.001352
3,5,3,0.000627,0.000874
4,5,3,0.000483,0.003587
5,5,3,0.002575,0.001649
6,5,3,0.000451,0.002858
7,5,3,0.000343,0.001064
8,5,3,0.000557,0.000999
9,5,3,0.000592,0.000831
10,10,3,0.000799,0.001246
11,10,3,0.003744,0.001008
12,10,3,0.651748,0.000436
13,10,3,0.000756,0.000290
14,10,3,0.000635,0.000370
15,10,3,0.000605,0.000401
16,10,3,0.000810,0.000298
17,10,3,0.000474,0.000356
18,10,3,0.000664,0.000340
19,10,3,0.000359,0.000384
20,20,3,0.017667,0.002503
21,20,3,0.025887,0.004421
22,20,3,0.007334,0.001692
23,20,3,0.037206,0.004999
24,20,3,0.024760,0.003314
25,20,3,0.018241,0.002886
26,20,3,0.016687,0.003028
27,20,3,0.028362,0.004338
28,20,3,0.032454,0.006779
29,20,3,0.027259,0.004403
30,30,3,1.297423,0.099213
31,30,3,1.299886,0.193167
32,30,3,0.638116,0.059723
33,30,3,1.304115,0.109419
34,30,3,0.987177,0.085895
35,30,3,0.954001,0.092366
36,30,3,0.825893,0.090017
37,30,3,1.026651,0.127348
38,30,3,1.009591,0.105930
39,30,3,2.040190,0.147720
40,40,3,76.240780,5.786950
41,40,3,19.508996,2.573126
42,40,3,40.476048,3.205479
43,40,3,37.463879,3.985860
44,40,3,20.603577,1.769289
45,40,3,39.952600,4.077507
46,40,3,29.265579,2.756118
47,40,3,21.482193,2.357912
48,40,3,36.063734,2.846687
49,40,3,86.833676,6.782508
0,5,3,0.001162,0.000685
1,5,3,0.000352,0.000862
2,5,3,0.000852,0.000853
3,5,3,0.000353,0.001694
4,5,3,0.002984,0.004295
5,5,3,0.002497,0.002267
6,5,3,0.000693,0.005934
7,5,3,0.001272,0.007672
8,5,3,0.000708,0.005337
9,5,3,0.000626,0.002006
10,10,3,0.001257,0.004084
11,10,3,0.394438,0.002634
12,10,3,0.001618,0.000546
13,10,3,0.001904,0.000433
14,10,3,0.002636,0.000554
15,10,3,0.004076,0.001738
16,10,3,0.001591,0.002721
17,10,3,0.002649,0.002229
18,10,3,0.003348,0.000957
19,10,3,0.001037,0.000606
20,20,3,0.679153,0.003100
21,20,3,0.026702,0.004351
22,20,3,0.007626,0.001678
23,20,3,0.038118,0.005534
24,20,3,0.025282,0.003212
25,20,3,0.016331,0.002512
26,20,3,0.015078,0.002561
27,20,3,0.025289,0.004003
28,20,3,0.030532,0.006075
29,20,3,0.026257,0.004315
30,30,3,1.319722,0.100555
31,30,3,1.319430,0.188120
32,30,3,0.645659,0.061091
33,30,3,1.318540,0.108682
34,30,3,1.010465,0.087150
35,30,3,0.984030,0.096894
36,30,3,0.839277,0.084810
37,30,3,1.036789,0.128038
38,30,3,1.073012,0.111568
39,30,3,2.069872,0.166374
40,40,3,76.844127,6.065232
41,40,3,19.307774,2.508738
42,40,3,40.343461,3.245267
43,40,3,38.063060,3.916448
44,40,3,20.588298,1.762666
45,40,3,39.766827,4.020870
46,40,3,29.434041,2.701432
47,40,3,21.490454,2.207485
48,40,3,36.018221,3.153484
49,40,3,85.811524,6.777948
0,5,3,0.000796,0.000534
1,5,3,0.000449,0.000357
2,5,3,0.003579,0.000899
3,5,3,0.000561,0.000451
4,5,3,0.001022,0.000914
5,5,3,0.000613,0.002612
6,5,3,0.000861,0.001236
7,5,3,0.000782,0.001408
8,5,3,0.001086,0.002104
9,5,3,0.000500,0.001013
10,10,3,0.620932,0.001280
11,10,3,0.000815,0.000826
12,10,3,0.000446,0.000298
13,10,3,0.000546,0.000381
14,10,3,0.311988,0.000449
15,10,3,0.001164,0.000388
16,10,3,0.000540,0.000395
17,10,3,0.006687,0.000367
18,10,3,0.000571,0.000323
19,10,3,0.000875,0.000264
20,20,3,0.017177,0.002669
21,20,3,0.026179,0.005899
22,20,3,0.009347,0.002617
23,20,3,0.035179,0.005369
24,20,3,0.024808,0.002873
25,20,3,0.017581,0.002708
26,20,3,0.017149,0.002880
27,20,3,0.025945,0.004001
28,20,3,0.032145,0.006306
29,20,3,0.025794,0.004164
30,30,3,1.303815,0.102101
31,30,3,1.307093,0.190169
32,30,3,0.639232,0.062209
33,30,3,1.309278,0.107131
34,30,3,0.990053,0.088735
35,30,3,0.960991,0.093322
36,30,3,0.822267,0.088832
37,30,3,1.029364,0.126244
38,30,3,1.063275,0.106573
39,30,3,2.004243,0.148887
40,40,3,76.292565,5.697807
41,40,3,19.251656,2.352487
42,40,3,40.747995,3.187231
43,40,3,38.226960,3.878668
44,40,3,20.540394,1.762897
45,40,3,39.637050,4.067690
46,40,3,29.368280,2.668287
47,40,3,21.530168,2.387448
48,40,3,36.138249,3.120128
49,40,3,85.609268,7.142294
0,5,3,0.000870,0.000307
1,5,3,0.000619,0.000164
2,5,3,0.000221,0.000133
3,5,3,0.000118,0.000135
4,5,3,0.000171,0.000126
5,5,3,0.000181,0.000181
6,5,3,0.000131,0.001794
7,5,3,0.000267,0.002440
8,5,3,0.000271,0.000813
9,5,3,0.000264,0.000163
10,10,3,0.411625,0.000383
11,10,3,0.000687,0.000830
12,10,3,0.312306,0.000353
13,10,3,0.000845,0.000292
14,10,3,0.000608,0.000394
15,10,3,0.001307,0.000486
16,10,3,0.000614,0.000318
17,10,3,0.003754,0.000346
18,10,3,0.000855,0.000373
19,10,3,0.000381,0.000206
20,20,3,0.017051,0.002669
21,20,3,0.025498,0.004468
22,20,3,0.007523,0.001817
23,20,3,0.034505,0.004926
24,20,3,0.027611,0.003152
25,20,3,0.016106,0.002706
26,20,3,0.016492,0.002891
27,20,3,0.024699,0.004271
28,20,3,0.030194,0.006217
29,20,3,0.025575,0.006409
30,30,3,1.330343,0.098970
31,30,3,1.308349,0.200242
32,30,3,0.635653,0.062564
33,30,3,1.295164,0.110186
34,30,3,0.996115,0.085940
35,30,3,0.966363,0.091548
36,30,3,0.830169,0.090227
37,30,3,1.036285,0.123507
38,30,3,1.022584,0.110630
39,30,3,2.005744,0.152037
40,40,3,76.037920,5.833588
41,40,3,19.468386,2.514904
42,40,3,40.363729,3.279493
43,40,3,37.980400,3.922109
44,40,3,20.850536,1.792335
45,40,3,40.118067,3.739836
46,40,3,29.735544,2.643331
47,40,3,21.213813,2.391048
48,40,3,36.104678,3.119934
49,40,3,85.653187,6.763181
0,5,3,0.000930,0.000977
1,5,3,0.000517,0.000838
2,5,3,0.001369,0.001342
3,5,3,0.000230,0.001101
4,5,3,0.000768,0.001021
5,5,3,0.000407,0.000981
6,5,3,0.000701,0.002174
7,5,3,0.000742,0.000933
8,5,3,0.000383,0.000867
9,5,3,0.004427,0.000956
10,10,3,0.374149,0.002703
11,10,3,0.003296,0.000672
12,10,3,0.633923,0.000336
13,10,3,0.001138,0.000360
14,10,3,0.003320,0.000496
15,10,3,0.000794,0.000459
16,10,3,0.000544,0.000331
17,10,3,0.000578,0.000363
18,10,3,0.000502,0.000576
19,10,3,0.000353,0.000319
20,20,3,0.017401,0.002442
21,20,3,0.026001,0.004363
22,20,3,0.007620,0.001667
23,20,3,0.035890,0.005413
24,20,3,0.023158,0.002856
25,20,3,0.016239,0.002515
26,20,3,0.015693,0.002700
27,20,3,0.024890,0.004328
28,20,3,0.029568,0.006026
29,20,3,0.024975,0.004003
30,30,3,1.315651,0.102973
31,30,3,1.308700,0.196011
32,30,3,0.657992,0.072787
33,30,3,1.307867,0.107853
34,30,3,0.997338,0.086932
35,30,3,0.963096,0.096909
36,30,3,0.832271,0.093477
37,30,3,1.032358,0.121556
38,30,3,1.068000,0.104578
39,30,3,2.011275,0.148596
40,40,3,76.080881,5.825431
41,40,3,19.541737,2.361619
42,40,3,40.537544,3.226220
43,40,3,38.139596,3.899257
44,40,3,20.604926,1.757529
45,40,3,40.053979,4.049191
46,40,3,29.402463,2.647716
47,40,3,21.559349,2.197591
48,40,3,36.361641,2.914439
49,40,3,85.757179,6.729326
0,5,3,0.001121,0.000435
1,5,3,0.000496,0.000864
2,5,3,0.000768,0.000799
3,5,3,0.000574,0.001373
4,5,3,0.000964,0.000957
5,5,3,0.000246,0.001136
6,5,3,0.000244,0.001367
7,5,3,0.001009,0.001282
8,5,3,0.000393,0.001192
9,5,3,0.000733,0.002307
10,10,3,0.006805,0.000858
11,10,3,0.375816,0.000646
12,10,3,0.001025,0.000431
13,10,3,0.001153,0.000353
14,10,3,0.001062,0.001181
15,10,3,0.001071,0.000605
16,10,3,0.642380,0.000700
17,10,3,0.004196,0.001004
18,10,3,0.000828,0.000403
19,10,3,0.000315,0.000238
20,20,3,0.017682,0.002769
21,20,3,0.025709,0.004542
22,20,3,0.007278,0.001733
23,20,3,0.035126,0.004884
24,20,3,0.023122,0.002913
25,20,3,0.015825,0.002517
26,20,3,0.015579,0.002593
27,20,3,0.024858,0.004030
28,20,3,0.033488,0.006183
29,20,3,0.024877,0.003980
30,30,3,1.317276,0.100855
31,30,3,1.315271,0.178752
32,30,3,0.633692,0.058811
33,30,3,1.305051,0.109803
34,30,3,0.974529,0.082846
35,30,3,0.978529,0.091155
36,30,3,0.831628,0.085079
37,30,3,1.035934,0.130256
38,30,3,1.139899,0.113061
39,30,3,2.018448,0.150615
40,40,3,76.361863,6.000860
41,40,3,19.520177,2.403111
42,40,3,40.762874,3.254372
43,40,3,37.981258,3.998017
44,40,3,20.836000,1.763945
45,40,3,40.159880,4.064318
46,40,3,29.295552,2.682541
47,40,3,21.502381,2.286079
48,40,3,35.820285,3.285552
49,40,3,85.782739,6.382360
0,5,3,0.000772,0.000444
1,5,3,0.000540,0.000315
2,5,3,0.000359,0.000510
3,5,3,0.000358,0.000834
4,5,3,0.000404,0.000898
5,5,3,0.000286,0.002002
6,5,3,0.000254,0.001488
7,5,3,0.000772,0.001309
8,5,3,0.000290,0.000975
9,5,3,0.000821,0.001086
10,10,3,0.367322,0.001167
11,10,3,0.375561,0.000771
12,10,3,0.634412,0.002314
13,10,3,0.005994,0.000471
14,10,3,0.000932,0.000376
15,10,3,0.003696,0.000714
16,10,3,0.000619,0.000363
17,10,3,0.000679,0.000363
18,10,3,0.000471,0.000303
19,10,3,0.000281,0.000240
20,20,3,0.017609,0.002603
21,20,3,0.026178,0.004523
22,20,3,0.007470,0.002004
23,20,3,0.035533,0.004774
24,20,3,0.023210,0.002894
25,20,3,0.016123,0.002688
26,20,3,0.014921,0.002835
27,20,3,0.023653,0.004023
28,20,3,0.029988,0.006637
29,20,3,0.027447,0.004537
30,30,3,1.324074,0.103144
31,30,3,1.321254,0.185469
32,30,3,0.643607,0.062716
33,30,3,1.321666,0.108280
34,30,3,1.000065,0.086832
35,30,3,0.964056,0.092179
36,30,3,0.839436,0.094865
37,30,3,1.043767,0.123235
38,30,3,1.062904,0.115132
39,30,3,2.084741,0.153008
40,40,3,76.225876,6.020967
41,40,3,19.692356,2.366324
42,40,3,40.521618,3.171180
43,40,3,37.801913,3.915659
44,40,3,20.683576,1.757080
45,40,3,40.040707,4.072932
46,40,3,29.289907,2.653390
47,40,3,21.442687,2.334822
48,40,3,36.193994,2.875769
49,40,3,85.845262,7.512913
0,5,4,0.000369,0.000766
1,5,4,0.000249,0.000263
2,5,4,0.000210,0.001981
3,5,4,0.000149,0.001650
4,5,4,0.000204,0.000171
5,5,4,0.000264,0.000233
6,5,4,0.000214,0.000898
7,5,4,0.000430,0.000359
8,5,4,0.000396,0.000179
9,5,4,0.000190,0.000183
10,10,4,0.376899,0.004252
11,10,4,0.022346,0.003491
12,10,4,0.000614,0.000740
13,10,4,0.004407,0.000347
14,10,4,0.000701,0.000427
15,10,4,0.000582,0.000425
16,10,4,0.000500,0.000328
17,10,4,0.000541,0.000445
18,10,4,0.000671,0.000310
19,10,4,0.000700,0.000244
20,20,4,0.016032,0.002086
21,20,4,0.023539,0.004352
22,20,4,0.006184,0.001824
23,20,4,0.034169,0.004974
24,20,4,0.021326,0.002770
25,20,4,0.014523,0.002123
26,20,4,0.012069,0.002329
27,20,4,0.023039,0.003223
28,20,4,0.026298,0.005160
29,20,4,0.024021,0.003716
30,30,4,1.082381,0.092100
31,30,4,1.103113,0.175852
32,30,4,0.601913,0.052156
33,30,4,1.145724,0.100782
34,30,4,0.937680,0.089532
35,30,4,0.795945,0.081427
36,30,4,0.676879,0.076524
37,30,4,0.841542,0.108150
38,30,4,1.035011,0.096479
39,30,4,1.752749,0.131499
40,40,4,59.180922,4.738458
41,40,4,16.364676,2.227678
42,40,4,33.309235,2.361998
43,40,4,29.865466,4.170152
44,40,4,18.135371,1.567350
45,40,4,32.663624,3.557261
46,40,4,26.009624,2.419164
47,40,4,16.517890,2.048205
48,40,4,27.941444,2.579880
49,40,4,77.962377,6.497494
0,5,4,0.001003,0.000479
1,5,4,0.000221,0.000372
2,5,4,0.000659,0.000886
3,5,4,0.000176,0.000859
4,5,4,0.000199,0.001027
5,5,4,0.000762,0.001111
6,5,4,0.000865,0.001263
7,5,4,0.001029,0.002508
8,5,4,0.001572,0.001754
9,5,4,0.000391,0.000963
10,10,4,0.001094,0.001114
11,10,4,0.381085,0.003903
12,10,4,0.001844,0.000886
13,10,4,0.003177,0.001029
14,10,4,0.002001,0.000619
15,10,4,0.005006,0.000514
16,10,4,0.001069,0.000490
17,10,4,0.001515,0.000674
18,10,4,0.001305,0.000953
19,10,4,0.000914,0.000395
20,20,4,0.543557,0.002349
21,20,4,0.024254,0.004652
22,20,4,0.008735,0.002361
23,20,4,0.041701,0.005105
24,20,4,0.022054,0.003304
25,20,4,0.014667,0.002360
26,20,4,0.012653,0.002000
27,20,4,0.021846,0.003000
28,20,4,0.025729,0.004793
29,20,4,0.023675,0.004496
30,30,4,1.049918,0.095857
31,30,4,1.091616,0.163502
32,30,4,0.605673,0.052899
33,30,4,1.149239,0.100157
34,30,4,0.951990,0.081252
35,30,4,0.823870,0.080019
36,30,4,0.690651,0.073137
37,30,4,0.827818,0.110448
38,30,4,0.995558,0.097688
39,30,4,1.941501,0.138086
40,40,4,58.979855,4.687054
41,40,4,16.182392,2.356029
42,40,4,33.136595,2.440462
43,40,4,29.725295,4.048639
44,40,4,18.639446,1.647772
45,40,4,32.624794,3.556638
46,40,4,25.620233,2.283289
47,40,4,16.595345,2.050951
48,40,4,27.818453,2.662967
49,40,4,77.531426,6.707866
0,5,4,0.000440,0.000267
1,5,4,0.000167,0.000196
2,5,4,0.000154,0.000188
3,5,4,0.000199,0.000150
4,5,4,0.000148,0.000164
5,5,4,0.000161,0.000190
6,5,4,0.000173,0.000193
7,5,4,0.000682,0.000221
8,5,4,0.000173,0.000140
9,5,4,0.000163,0.000195
10,10,4,0.690570,0.000379
11,10,4,0.206554,0.001630
12,10,4,0.304976,0.000509
13,10,4,0.001368,0.002126
14,10,4,0.000897,0.002480
15,10,4,0.002202,0.000493
16,10,4,0.000538,0.000405
17,10,4,0.000614,0.000384
18,10,4,0.000754,0.000390
19,10,4,0.000349,0.000235
20,20,4,0.016274,0.002219
21,20,4,0.023703,0.003960
22,20,4,0.006406,0.001313
23,20,4,0.050886,0.006083
24,20,4,0.021208,0.002581
25,20,4,0.013948,0.002352
26,20,4,0.011939,0.003462
27,20,4,0.023348,0.003305
28,20,4,0.025878,0.005415
29,20,4,0.024354,0.003600
30,30,4,1.092204,0.092536
31,30,4,1.081170,0.163325
32,30,4,0.586586,0.052511
33,30,4,1.151635,0.094817
34,30,4,0.981437,0.085518
35,30,4,0.810329,0.080212
36,30,4,0.696311,0.078983
37,30,4,0.847603,0.108280
38,30,4,1.017506,0.093020
39,30,4,1.756569,0.140043
40,40,4,59.172487,5.235035
41,40,4,16.068624,2.384085
42,40,4,33.670282,2.513295
43,40,4,30.096125,4.043654
44,40,4,18.477123,1.572185
45,40,4,33.126311,3.542277
46,40,4,25.855897,2.365490
47,40,4,16.521065,2.020127
48,40,4,27.731883,2.602162
49,40,4,78.056250,6.533659
0,5,4,0.000632,0.000511
1,5,4,0.000551,0.000809
2,5,4,0.000945,0.000842
3,5,4,0.000199,0.001468
4,5,4,0.001063,0.001085
5,5,4,0.001338,0.000354
6,5,4,0.000300,0.000885
7,5,4,0.000942,0.000396
8,5,4,0.000208,0.000739
9,5,4,0.000938,0.000997
10,10,4,0.216518,0.003962
11,10,4,0.001770,0.000696
12,10,4,0.342060,0.001131
13,10,4,0.002023,0.000962
14,10,4,0.002238,0.000996
15,10,4,0.001451,0.000661
16,10,4,0.001130,0.000732
17,10,4,0.003565,0.000572
18,10,4,0.001141,0.000514
19,10,4,0.000993,0.000426
20,20,4,0.573748,0.002456
21,20,4,0.025383,0.004715
22,20,4,0.007735,0.001860
23,20,4,0.032541,0.004653
24,20,4,0.022004,0.002586
25,20,4,0.015297,0.002188
26,20,4,0.011590,0.002308
27,20,4,0.024258,0.003487
28,20,4,0.026316,0.004973
29,20,4,0.024977,0.003537
30,30,4,1.115212,0.094082
31,30,4,1.123206,0.179613
32,30,4,0.599680,0.054502
33,30,4,1.134896,0.095770
34,30,4,0.983832,0.084021
35,30,4,0.816564,0.085884
36,30,4,0.684567,0.081815
37,30,4,0.846544,0.106112
38,30,4,1.074912,0.101898
39,30,4,1.748008,0.135636
40,40,4,58.691122,5.505998
41,40,4,15.832865,2.306112
42,40,4,33.444182,2.507022
43,40,4,29.992918,3.994563
44,40,4,18.246237,1.764333
45,40,4,32.763370,3.546503
46,40,4,25.856892,2.384421
47,40,4,16.606322,2.067159
48,40,4,27.662644,2.832753
49,40,4,78.077030,6.495104
0,5,4,0.001983,0.001508
1,5,4,0.000734,0.001294
2,5,4,0.000364,0.001049
3,5,4,0.000979,0.001699
4,5,4,0.000754,0.001471
5,5,4,0.000228,0.001652
6,5,4,0.000977,0.001027
7,5,4,0.000224,0.001070
8,5,4,0.000218,0.001412
9,5,4,0.000307,0.001166
10,10,4,0.198989,0.001152
11,10,4,0.335505,0.001356
12,10,4,0.010289,0.000485
13,10,4,0.001312,0.000792
14,10,4,0.001432,0.005842
15,10,4,0.000900,0.003001
16,10,4,0.003070,0.000823
17,10,4,0.001584,0.000930
18,10,4,0.001942,0.000544
19,10,4,0.000623,0.000428
20,20,4,0.541722,0.002753
21,20,4,0.022535,0.004109
22,20,4,0.006627,0.001480
23,20,4,0.034074,0.005309
24,20,4,0.021950,0.002793
25,20,4,0.016792,0.002206
26,20,4,0.012862,0.002204
27,20,4,0.022940,0.003131
28,20,4,0.026499,0.005315
29,20,4,0.023162,0.003765
30,30,4,1.099406,0.094085
31,30,4,1.117401,0.166649
32,30,4,0.606535,0.053533
33,30,4,1.158738,0.095233
34,30,4,1.002850,0.083721
35,30,4,0.811666,0.081047
36,30,4,0.698995,0.079699
37,30,4,0.838652,0.112277
38,30,4,1.025788,0.093292
39,30,4,1.805105,0.138451
40,40,4,59.027049,5.080461
41,40,4,16.276639,2.367867
42,40,4,33.240159,2.591493
43,40,4,29.916381,4.002572
44,40,4,18.674011,1.776189
45,40,4,32.825479,3.577463
46,40,4,25.861665,2.444014
47,40,4,16.700464,2.032202
48,40,4,27.752379,2.869067
49,40,4,78.387510,6.558820
0,5,4,0.001366,0.001509
1,5,4,0.000554,0.001196
2,5,4,0.002124,0.003073
3,5,4,0.002073,0.001297
4,5,4,0.003191,0.001056
5,5,4,0.001105,0.001150
6,5,4,0.000949,0.000782
7,5,4,0.003218,0.004354
8,5,4,0.001470,0.003199
9,5,4,0.002632,0.002855
10,10,4,0.226806,0.001671
11,10,4,0.003489,0.000518
12,10,4,0.529886,0.000543
13,10,4,0.285374,0.000451
14,10,4,0.001646,0.000736
15,10,4,0.001591,0.001011
16,10,4,0.000676,0.000426
17,10,4,0.000658,0.000346
18,10,4,0.000614,0.000340
19,10,4,0.000323,0.000249
20,20,4,0.015454,0.002040
21,20,4,0.024252,0.004078
22,20,4,0.006958,0.001340
23,20,4,0.036649,0.005732
24,20,4,0.021696,0.003029
25,20,4,0.015017,0.002631
26,20,4,0.011895,0.002039
27,20,4,0.023677,0.003139
28,20,4,0.026447,0.005164
29,20,4,0.023043,0.003659
30,30,4,1.093484,0.095553
31,30,4,1.120311,0.176461
32,30,4,0.601962,0.053275
33,30,4,1.156300,0.099022
34,30,4,0.971575,0.080630
35,30,4,0.806716,0.082542
36,30,4,0.694293,0.078723
37,30,4,0.847942,0.113814
38,30,4,1.074846,0.094319
39,30,4,1.803714,0.142459
40,40,4,59.314140,4.728761
41,40,4,16.359936,2.337222
42,40,4,33.543733,2.437826
43,40,4,29.938720,3.980505
44,40,4,18.247576,1.564043
45,40,4,32.821254,3.606536
46,40,4,25.745017,2.567202
47,40,4,16.368377,2.108098
48,40,4,27.859991,2.715437
49,40,4,77.982494,6.542238
0,5,4,0.001277,0.000992
1,5,4,0.000197,0.000962
2,5,4,0.000160,0.000942
3,5,4,0.001226,0.000820
4,5,4,0.000411,0.001737
5,5,4,0.001676,0.001004
6,5,4,0.001504,0.001355
7,5,4,0.000982,0.000482
8,5,4,0.000421,0.001789
9,5,4,0.000247,0.000876
10,10,4,0.547168,0.000334
11,10,4,0.380661,0.000401
12,10,4,0.001068,0.001062
13,10,4,0.001137,0.000423
14,10,4,0.001649,0.000549
15,10,4,0.004197,0.000995
16,10,4,0.000696,0.000347
17,10,4,0.000587,0.000416
18,10,4,0.000496,0.000612
19,10,4,0.000369,0.000292
20,20,4,0.015489,0.001993
21,20,4,0.024196,0.005026
22,20,4,0.011733,0.002707
23,20,4,0.041353,0.004853
24,20,4,0.021364,0.002686
25,20,4,0.014024,0.002403
26,20,4,0.012740,0.002293
27,20,4,0.022381,0.003145
28,20,4,0.026478,0.005000
29,20,4,0.027412,0.003827
30,30,4,1.078179,0.095669
31,30,4,1.105169,0.176840
32,30,4,0.613036,0.052283
33,30,4,1.137383,0.098929
34,30,4,0.977910,0.089151
35,30,4,0.825473,0.083675
36,30,4,0.687935,0.080265
37,30,4,0.840628,0.115575
38,30,4,1.038111,0.096632
39,30,4,1.820394,0.137970
40,40,4,59.371995,5.348674
41,40,4,16.246404,2.357226
42,40,4,33.469832,2.327280
43,40,4,30.122942,3.711625
44,40,4,18.744290,1.672797
45,40,4,32.865933,3.544865
46,40,4,25.757562,2.339987
47,40,4,16.406028,2.035582
48,40,4,27.975781,2.538522
49,40,4,78.417898,6.179887
0,5,4,0.000594,0.000432
1,5,4,0.000185,0.000503
2,5,4,0.000886,0.000325
3,5,4,0.000155,0.000326
4,5,4,0.000373,0.000338
5,5,4,0.000915,0.000605
6,5,4,0.000714,0.000928
7,5,4,0.000402,0.001180
8,5,4,0.000252,0.001099
9,5,4,0.001665,0.001357
10,10,4,0.309483,0.000480
11,10,4,0.598282,0.000660
12,10,4,0.219284,0.001077
13,10,4,0.003462,0.000369
14,10,4,0.001962,0.000538
15,10,4,0.002369,0.000497
16,10,4,0.000785,0.000447
17,10,4,0.000517,0.001436
18,10,4,0.000565,0.000437
19,10,4,0.000314,0.000229
20,20,4,0.014690,0.002157
21,20,4,0.023585,0.003849
22,20,4,0.006923,0.001731
23,20,4,0.033979,0.005093
24,20,4,0.021993,0.002664
25,20,4,0.014156,0.002150
26,20,4,0.012876,0.002277
27,20,4,0.022772,0.003086
28,20,4,0.027814,0.005149
29,20,4,0.022363,0.003434
30,30,4,1.075654,0.094846
31,30,4,1.125456,0.175677
32,30,4,0.605879,0.053653
33,30,4,1.149524,0.097182
34,30,4,0.985639,0.083019
35,30,4,0.807149,0.081753
36,30,4,0.682310,0.081638
37,30,4,0.857011,0.108937
38,30,4,1.019539,0.098505
39,30,4,1.811074,0.130895
40,40,4,59.337409,4.698712
41,40,4,16.407933,2.292296
42,40,4,33.403569,2.495352
43,40,4,30.252451,3.963470
44,40,4,18.216274,1.790637
45,40,4,32.857477,3.565218
46,40,4,25.698088,2.496930
47,40,4,16.437358,2.043985
48,40,4,28.108637,2.658743
49,40,4,78.118658,6.475941
0,5,4,0.001037,0.001140
1,5,4,0.000278,0.000635
2,5,4,0.000257,0.000315
3,5,4,0.001069,0.000485
4,5,4,0.000522,0.001122
5,5,4,0.000541,0.001453
6,5,4,0.000276,0.000968
7,5,4,0.000789,0.001169
8,5,4,0.000696,0.001551
9,5,4,0.001171,0.001148
10,10,4,0.308616,0.001234
11,10,4,0.209965,0.000931
12,10,4,0.003658,0.001101
13,10,4,0.001992,0.001439
14,10,4,0.002497,0.001053
15,10,4,0.003092,0.001485
16,10,4,0.001972,0.000600
17,10,4,0.003528,0.000565
18,10,4,0.000890,0.000432
19,10,4,0.000964,0.000407
20,20,4,0.540300,0.002483
21,20,4,0.024749,0.004076
22,20,4,0.006030,0.001973
23,20,4,0.037666,0.005191
24,20,4,0.021662,0.004494
25,20,4,0.016886,0.002566
26,20,4,0.012231,0.002038
27,20,4,0.022993,0.003178
28,20,4,0.027196,0.004942
29,20,4,0.023460,0.003437
30,30,4,1.092408,0.099731
31,30,4,1.132145,0.167251
32,30,4,0.601458,0.053152
33,30,4,1.154515,0.100416
34,30,4,0.991574,0.085876
35,30,4,0.814888,0.083898
36,30,4,0.688050,0.082034
37,30,4,0.839115,0.116606
38,30,4,1.043705,0.095903
39,30,4,1.743675,0.142753
40,40,4,59.340075,5.506323
41,40,4,16.079986,2.366157
42,40,4,33.385587,2.582319
43,40,4,29.926595,3.916202
44,40,4,18.750845,1.792494
45,40,4,32.944774,3.558114
46,40,4,25.822988,2.252973
47,40,4,16.516904,2.024310
48,40,4,28.014371,2.690137
49,40,4,77.863887,6.537464
0,5,4,0.000346,0.000398
1,5,4,0.000187,0.000198
2,5,4,0.000221,0.000161
3,5,4,0.000152,0.000709
4,5,4,0.000314,0.000268
5,5,4,0.000200,0.000286
6,5,4,0.000159,0.001515
7,5,4,0.000397,0.001460
8,5,4,0.000210,0.000594
9,5,4,0.000297,0.000193
10,10,4,0.001751,0.000419
11,10,4,0.380709,0.000684
12,10,4,0.000473,0.000339
13,10,4,0.002173,0.000352
14,10,4,0.741308,0.001466
15,10,4,0.001315,0.000491
16,10,4,0.001381,0.000946
17,10,4,0.004186,0.000534
18,10,4,0.000606,0.000331
19,10,4,0.000302,0.000247
20,20,4,0.016279,0.002042
21,20,4,0.023280,0.004004
22,20,4,0.006654,0.001624
23,20,4,0.034445,0.004608
24,20,4,0.021687,0.002857
25,20,4,0.014157,0.002221
26,20,4,0.012758,0.002057
27,20,4,0.022699,0.003306
28,20,4,0.028257,0.005002
29,20,4,0.023181,0.003710
30,30,4,1.108777,0.095123
31,30,4,1.087453,0.178618
32,30,4,0.611911,0.053973
33,30,4,1.147264,0.096178
34,30,4,0.991058,0.086455
35,30,4,0.823038,0.083852
36,30,4,0.687310,0.082954
37,30,4,0.832198,0.109873
38,30,4,1.058898,0.104646
39,30,4,1.757102,0.140436
40,40,4,58.950067,5.579747
41,40,4,15.901891,2.387650
42,40,4,33.453393,2.441651
43,40,4,29.979343,3.944348
44,40,4,18.322421,1.627791
45,40,4,32.927281,3.561254
46,40,4,26.266206,2.357281
47,40,4,16.457811,2.123781
48,40,4,28.203803,2.725417
49,40,4,77.916971,6.622004
